{
  "version": "combat-power-linear-v1",
  "fit": "non-negative-ridge",
  "generatedAt": "2026-07-16T07:43:26.673Z",
  "training": {
    "input": 211,
    "rows": 180,
    "target": "profile.CombatPower",
    "mae": 71.63522543885058,
    "medianAbsError": 39.15346051556935,
    "p90AbsError": 142.99765826961846,
    "note": "Public first-pass model. Deltas are more reliable than absolute combat-power predictions."
  },
  "features": {
    "itemAvgLevel": {
      "mean": 1779.6498888888868,
      "scale": 4.176809785907699,
      "weight": 0,
      "perUnit": 0
    },
    "weaponHoning": {
      "mean": 23.705555555555556,
      "scale": 1.0365392323722782,
      "weight": 24.180640503471626,
      "perUnit": 23.328244361895052
    },
    "armorHoning": {
      "mean": 20.385555555555545,
      "scale": 0.9425805136386802,
      "weight": 0,
      "perUnit": 0
    },
    "weaponQuality": {
      "mean": 99.59444444444445,
      "scale": 1.2853759597972467,
      "weight": 0,
      "perUnit": 0
    },
    "armorQuality": {
      "mean": 97.18666666666668,
      "scale": 2.2061127199971766,
      "weight": 0,
      "perUnit": 0
    },
    "accessoryQuality": {
      "mean": 87.28999999999996,
      "scale": 4.48871548069898,
      "weight": 13.109373442036317,
      "perUnit": 2.920517795882873
    },
    "gemAverage": {
      "mean": 8.831944444444442,
      "scale": 0.39457304241733127,
      "weight": 39.49621185847447,
      "perUnit": 100.09860688024446
    },
    "damageGemAverage": {
      "mean": 9.01298941798942,
      "scale": 0.43905277819380295,
      "weight": 0,
      "perUnit": 0
    },
    "cooldownGemAverage": {
      "mean": 8.706997354497352,
      "scale": 0.45372450262382275,
      "weight": 0.07103083058858677,
      "perUnit": 0.1565505723799923
    },
    "arkGridTotal": {
      "mean": 157.5888888888889,
      "scale": 13.613632419538916,
      "weight": 6.618412283300079,
      "perUnit": 0.48616064246020235
    },
    "arkGridAverage": {
      "mean": 26.264814814814812,
      "scale": 2.2689387365898197,
      "weight": 6.618412283299967,
      "perUnit": 2.9169638547611645
    },
    "accessoryAdditionalDamage": {
      "mean": 1.7916666666666674,
      "scale": 0.8333249999583322,
      "weight": 15.245762302864005,
      "perUnit": 18.29509771532874
    },
    "accessoryEnemyDamage": {
      "mean": 1.3702777777777766,
      "scale": 0.6612214543769703,
      "weight": 0,
      "perUnit": 0
    },
    "accessoryAttackPowerPercent": {
      "mean": 2.1763888888888885,
      "scale": 0.9515693259551633,
      "weight": 0,
      "perUnit": 0
    },
    "accessoryWeaponPowerPercent": {
      "mean": 4.42777777777778,
      "scale": 1.5577425102997808,
      "weight": 8.273581095749051,
      "perUnit": 5.3112636016826915
    },
    "accessoryAttackPowerFlat": {
      "mean": 116.38888888888889,
      "scale": 273.0629025800326,
      "weight": 10.002510723516876,
      "perUnit": 0.036630793231186794
    },
    "accessoryWeaponPowerFlat": {
      "mean": 335,
      "scale": 553.9945848110792,
      "weight": 9.08926810061093,
      "perUnit": 0.016406781491755035
    },
    "braceletCritRate": {
      "mean": 2.469999999999997,
      "scale": 2.605590144285935,
      "weight": 9.357229231585885,
      "perUnit": 3.5912130125708024
    },
    "braceletCritDamage": {
      "mean": 3.3288888888888875,
      "scale": 4.739555638909727,
      "weight": 6.611113441896082,
      "perUnit": 1.3948804372337493
    },
    "braceletAdditionalDamage": {
      "mean": 0.9305555555555556,
      "scale": 1.623408527424189,
      "weight": 8.52944090156337,
      "perUnit": 5.254032338426092
    },
    "braceletEnemyDamage": {
      "mean": 3.0794444444444453,
      "scale": 3.017498913232282,
      "weight": 23.560234492055923,
      "perUnit": 7.807868426643007
    },
    "braceletAttackPowerFlat": {
      "mean": 0,
      "scale": 1,
      "weight": 0,
      "perUnit": 0
    },
    "braceletWeaponPowerFlat": {
      "mean": 1787.888888888889,
      "scale": 4166.570397406383,
      "weight": 4.346744021011756,
      "perUnit": 0.001043242668770826
    },
    "arkGridCritRate": {
      "mean": 0.938111111111111,
      "scale": 3.7622940384954915,
      "weight": 0,
      "perUnit": 0
    },
    "arkGridCritDamage": {
      "mean": 7.082277777777776,
      "scale": 17.299540386654986,
      "weight": 4.5563107299686685,
      "perUnit": 0.2633775596421883
    },
    "arkGridAdditionalDamage": {
      "mean": 0.43333333333333324,
      "scale": 1.2626290913099614,
      "weight": 0,
      "perUnit": 0
    },
    "arkGridEnemyDamage": {
      "mean": 9.284666666666665,
      "scale": 11.630297091839248,
      "weight": 13.288026743306101,
      "perUnit": 1.1425354518785293
    },
    "engravingAttackPower": {
      "mean": 0,
      "scale": 1,
      "weight": 0,
      "perUnit": 0
    },
    "engravingEnemyDamage": {
      "mean": 0,
      "scale": 1,
      "weight": 0,
      "perUnit": 0
    },
    "engravingAdditionalDamage": {
      "mean": 0,
      "scale": 1,
      "weight": 0,
      "perUnit": 0
    },
    "engravingCritRate": {
      "mean": 0,
      "scale": 1,
      "weight": 0,
      "perUnit": 0
    },
    "engravingCritDamage": {
      "mean": 0,
      "scale": 1,
      "weight": 0,
      "perUnit": 0
    }
  },
  "upgradeDelta": {
    "normalHoning": {
      "weapon": 25,
      "armor": 6,
      "basis": "Hybrid from all-class common model and breaker-nearby validation samples. Used only for next-honing efficiency sorting."
    },
    "advancedHoning": {
      "weapon": 10,
      "armor": 3,
      "basis": "Placeholder until enough before/after advanced honing samples are collected."
    }
  }
}
